Brand name,keyword,search volume
13Bet,13 bet casino,800
777 Casino,777 casino,8900
Aposta Ganha,aposta ganha rodadas grátis,10
Betino,betino,3500
Betsson,betsson brasil,1300
Betsson,betsson baixar,250
Betsson,aplicativo betsson,150
Betsson,baixar betsson,150
Betsson,betsson br,100
Betsson,betsson brasil apk,100
Betsson,betsson baixar em português,60
Cassino Pix,plataforma cassino pix,700
CassinoBet,cassinobet,35000
CassinoBet,cassino bet br,25000
CassinoBet,cassino.bet,4100
CassinoBet,cassino bets,1700
CassinoBet,um cassino bet,700
CassinoBet,jogos cassino bet,600
CassinoBet,jogo cassino bet,450
EJ Cassino,ejcassino,12000
FG Cassino,fg jogo cassino,600
Jogo da Abelha,jogo da abelha cassino,900
Jogoman,jogoman,2100
NetBet,netbet brasil,250
NetBet,netbet casino bonus,200
NetBet,netbet br,200
NetBet,netbet apostas,200
NetBet,br.netbet,90
NetBet,aplicativo netbet,60
NetBet,netbet paga,50
NetBet,netbet saque,10
NetBet,netbet brazil,0
NetBet,netbet paga?,0
NetBet,netbet saque pix,0
NetBet,apostas netbet,0
NetBet,netbet deposito,0
NN55,nn55.com plataforma,1100
NN55,nn55 plataforma,600
NN55,nn55 .com,30
NN55,nn55 plataforma de jogos,20
OCS Bet,ocs bet net,6600
Orozino,orozino,3900
Plataforma Ouro,plataforma ouro,800
Portal Noca,portal noca,700
Score Cassino,score cassino,3100
Score Cassino,cassino scores,2800
Score Cassino,cassino escore,800
Slot Agora,slot agora,2200
