Brand,domain,http_status,final_url,offsite_redirect(podklejka),canonical,canonical_offsite,hreflang_alternates,cross_domains
1win,1win-argentino.com,403,https://1win-argentino.com/,no,,no,,
1win,1win-colombia-bet.co,200,https://1win-colombia-bet.co/,no,https://1win-colombia-bet.co/co/,no,es:https://1win-colombia-bet.co/ | es-CO:https://1win-colombia-bet.co/co/,
1win,1win-colombia.org,200,https://1win-colombia.org/,no,https://riverhome.co/es-co/,yes,es:https://riverhome.co/es-co/ | es-CO:https://1win-colombia.org/es-co/,riverhome.co
1win,1win1.co,403,https://1win1.co/,no,,no,,
1win,1winoficial.com.co,200,https://1winoficial.com.co/,no,https://1winoficial.com.co/,no,,
1win,1wins.cl,500,https://1wins.cl/,no,,no,,
1win,1wins.com.co,403,https://1wins.com.co/,no,,no,,
20bet,20bets.co,502,https://20bets.co/,no,,no,,
nine,9ninecasino-es.com,503,https://9ninecasino-es.com/,no,,no,,
BBRBet,bbrbet-casinos.com,200,https://bbrbet-casinos.com/,no,https://bbrbet-casinos.com/,no,,
BBRBet,bbrbet-co.com,403,https://bbrbet-co.com/,no,,no,,
BBRBet,bbrbet-mx.app,403,https://bbrbet-mx.app/,no,,no,,
BBRBet,bbrbet-mx.com,403,https://bbrbet-mx.com/,no,,no,,
BBRBet,bbrbet-online.com,200,https://bbrbet-online.com/,no,https://bbrbet-online.com/es-co/,no,es:https://bbrbet-online.com/ | es-CO:https://bbrbet-online.com/es-co/,
BBRBet,bbrbetmx.com,200,https://bbrbetmx.com/,no,https://bbrbetmx.com/,no,en:https://bbrbetmx.com/en/ | es:https://bbrbetmx.com/ | x-default:https://bbrbetmx.com/,
BetPlay,betplays.com.co,200,https://betplays.com.co/,no,https://betplays.com.co/,no,,
Betsson,betsson1001.com,200,https://betsson1001.com/maintenance-pages/betsson.com/country-blocked.html,no,,no,,
bizzo,bizzocasino.com,200,https://bizzocasino.com/,no,,no,,
bizzo,bizzocasinospain.com,200,https://bizzocasinospain.com/,no,https://bizzocasinospain.com/,no,,
Fullreto,blog-fullreto.co,200,https://blog-fullreto.co/,no,https://blog-fullreto.co/,no,,
BetPlay,bplay-argentina.com,200,https://bplay-argentina.com/,no,https://bplay-argentina.com/,no,es-ES:https://bplay-argentina.com/ | es-AR:https://bplay-argentina.com/es-ar/,
BetPlay,bplay.ola.click,403,https://bplay.ola.click/,no,,no,,
Codere,codereonline.com,ERR,ConnectionError,no,,no,,
Colbet,colbetcolombia.co,200,https://colbetcolombia.co/,no,https://colbetcolombia.co/,no,,
1win,colombia-1win.it.com,200,https://colombia-1win.it.com/,no,https://telebucaramanga.com.co/es/,yes,es:https://telebucaramanga.com.co/es/ | es-CO:https://colombia-1win.it.com/es/,telebucaramanga.com.co
1win,colombia1win.app,451,https://colombia1win.app/,no,,no,,
crash,crashcasino.com,403,https://crashcasino.com/,no,,no,,
bizzo,es-bizzocasino.com,200,https://es-bizzocasino.com/,no,https://es-bizzocasino.com/,no,,
Codere,grupocodere.com,ERR,ConnectionError,no,,no,,
hollywood,hollywoodcasinotoledo.com,403,https://www.hollywoodcasinotoledo.com/,no,,no,,
Luckia,luckiagaminggroup.com,200,https://www.luckiagaminggroup.com/,no,https://www.luckiagaminggroup.com/,no,,
Megapuesta,megapuesta-colombia.co,200,https://megapuesta-colombia.co/,no,https://megapuesta-colombia.co/,no,x-default:https://megapuesta-colombia.co/,
melbet,melbet-colombia.com,200,https://melbet-colombia.com/,no,https://melbet-colombia.com/,no,en:https://melbet-colombia.com/en/ | es:https://melbet-colombia.com/,
Mostbet,mostbet-win.com.co,200,https://mostbet-win.com.co/,no,https://mostbet-win.com.co/es-co/,no,es:https://mostbet-win.com.co/ | es-CO:https://mostbet-win.com.co/es-co/,
Mostbet,mostbetofficial.com.co,200,https://mostbetofficial.com.co/,no,https://mostbetofficial.com.co/,no,,
Mostbet,mostbetoficial.com,200,https://mostbetoficial.com/,no,https://mostbetoficial.com/,no,,
Mostbet,mostbets.com.co,200,https://mostbets.com.co/,no,https://mostbets.com.co/es-co/,no,es:https://mostbets.com.co/ | es-CO:https://mostbets.com.co/es-co/,
mrbet,mr.bet,200,https://4mrbet.global/es-co?licenseRedirect=1,yes,https://4mrbet.global/es-co?licenseRedirect=1,yes,,4mrbet.global
nine,ninecasino.com,200,https://ninecasino.com/not-allowed?startUrl=/,no,https://ninecasino.com/not-allowed,no,x-default:https://ninecasino.com/not-allowed?startUrl= | en:https://ninecasino.com/not-allowed?startUrl= | en-CA:https://ninecasino.com/en-CA/not-allowed?startUrl= | en-AU:https://ninecasino.com/ww/not-allowed?startUrl= | es:https://ninecasino.com/es/not-allowed?startUrl= | fr:https://ninecasino.com/fr/not-allowed?startUrl= | fr-CA:https://ninecasino.com/fr-CA/not-allowed?startUrl= | fr-CH:https://ninecasino.com/fr-CH/not-allowed?startUrl= | cs:https://ninecasino.com/cs/not-allowed?startUrl= | de:https://ninecasino.com/de/not-allowed?startUrl= | de-CH:https://ninecasino.com/de-CH/not-allowed?startUrl= | el:https://ninecasino.com/el/not-allowed?startUrl= | pl:https://ninecasino.com/pl/not-allowed?startUrl= | it:https://ninecasino.com/it/not-allowed?startUrl= | no:https://ninecasino.com/no/not-allowed?startUrl= | sk:https://ninecasino.com/sk/not-allowed?startUrl= | sl:https://ninecasino.com/sl/not-allowed?startUrl= | hu:https://ninecasino.com/hu/not-allowed?startUrl= | bg:https://ninecasino.com/bg/not-allowed?startUrl= | ro:https://ninecasino.com/ro/not-allowed?startUrl= | pt:https://ninecasino.com/pt/not-allowed?startUrl= | pt-BR:https://ninecasino.com/pt-BR/not-allowed?startUrl= | en-NZ:https://ninecasino.com/en-NZ/not-allowed?startUrl= | tr:https://ninecasino.com/tr/not-allowed?startUrl=,
nine,ninecasino.one,200,https://ninecasino.one/,no,https://ninecasino.one/,no,de:https://ninecasino.one/de/ | it:https://ninecasino.one/it/ | sl:https://ninecasino.one/sl/ | el:https://ninecasino.one/el/ | es:https://ninecasino.one/es/ | en:https://ninecasino.one/ | pt:https://ninecasino.one/pt/ | hu:https://ninecasino.one/hu/ | sv:https://ninecasino.one/sv/ | fr:https://ninecasino.one/fr/ | nl:https://ninecasino.one/nl/ | pl:https://ninecasino.one/pl/ | ro:https://ninecasino.one/ro/ | bg:https://ninecasino.one/bg/ | cs:https://ninecasino.one/cs/,
nine,ninecasino.world,403,https://ninecasino.world/,no,,no,,
nine,ninecasino2.com,ERR,SSLError,no,,no,,
Pin-Up,pin-up.world,403,https://pin-up.world/,no,,no,,
Pin-Up,pin-ups.com.co,200,https://pin-ups.com.co/,no,https://pin-ups.com.co/,no,es-CO:https://pin-ups.com.co/ | es-AR:https://pin-up.ar/ | es-VE:https://pinup.com.ve/ | es-CL:https://pinups.cl/ | es-PE:https://pin-ups.pe/,pin-up.ar; pin-ups.pe; pinup.com.ve; pinups.cl
Rivalo,rivaloco.com,200,https://rivaloco.com/,no,https://rivaloco.com/,no,,
rush,rushstreetgaming.com,200,https://www.rushstreetgaming.com/,no,https://www.rushstreetgaming.com,no,,
Sportium,sportiumbet.mx,500,https://sportiumbet.mx/,no,,no,,
verde,verdecasino.com,200,https://verdecasino.com/es,no,https://verdecasino.com/es,no,x-default:https://verdecasino.com/en | en:https://verdecasino.com/en | fi:https://verdecasino.com/fi | pt-br:https://verdecasino.com/pt-br | ja:https://verdecasino.com/ja | en-ca:https://verdecasino.com/en-ca | hu:https://verdecasino.com/hu | fr-ca:https://verdecasino.com/fr-ca | es-cl:https://verdecasino.com/es-cl | es-pe:https://verdecasino.com/es-pe | th:https://verdecasino.com/th | es:https://verdecasino.com/es | fr-be:https://verdecasino.com/fr-be | pt:https://verdecasino.com/pt-pt | it-it:https://85verdecasino.com/it-it | it:https://85verdecasino.com/it-it | vi-vn:https://verdecasino.com/vi | da-dk:https://verdecasino.com/en | pl:https://verdecasino.com/pl | de:https://verdecasino.com/de | el:https://verdecasino.com/el-gr | bg:https://26verdecasino7.com/bg-bg | ro-ro:https://verdecasino.com/ro,26verdecasino7.com; 85verdecasino.com
verde,verdecasino.eu.com,200,https://verdecasino.eu.com/,no,https://verdecasino.eu.com,no,,
vulkanvegas,vulkanvegas-online.com,200,https://vulkanvegas-online.com/,no,https://vulkanvegas-online.com,no,en:https://vulkanvegas-online.com/ | fr-BE:https://vulkanvegas-online.com/be-fr/ | bg-BG:https://vulkanvegas-online.com/bg/ | el-GR:https://vulkanvegas-online.com/el/ | es-ES:https://vulkanvegas-online.com/es/ | hu-HU:https://vulkanvegas-online.com/hu/ | it-IT:https://vulkanvegas-online.com/it/ | pl-PL:https://vulkanvegas-online.com/pl/ | ro-RO:https://vulkanvegas-online.com/ro/,
vulkanvegas,vulkanvegas.eu.com,200,https://vulkanvegas.eu.com/,no,https://vulkanvegas.eu.com,no,lv:https://vulkanvegas.eu.com/lv | ru:https://vulkanvegas.eu.com/ru | en:https://vulkanvegas.eu.com | x-default:https://vulkanvegas.eu.com,
Wplay,wplaycasinos.co,200,https://wplaycasinos.co/,no,https://wplaycasinos.co/,no,es-CO:https://wplaycasinos.co/ | x-default:https://wplaycasinos.co/,
Wplay,wplaycolombia.com.co,200,https://wplaycolombia.com.co/,no,https://wplaycolombia.com.co/,no,,
Wplay,wplays.co,200,https://wplays.co/,no,https://wplays.co/,no,,
Wplay,wplaysports.com,200,https://wplaysports.com/,no,,no,,
Zamba,zamba-colombia.co,200,https://zamba-colombia.co/,no,https://zamba-colombia.co/,no,,
Zamba,zambacolombia.com,200,https://zambacolombia.com/,no,https://zambacolombia.com/,no,,
