Brand,best_target,volume,KD,who_holds_1,verdict_ROI
Mostbet,"mostbet (5600, KD18) + casino/colombia",5600,18,paras: mostbet-win.com.co,"🟢🟢🟢 ЛУЧШИЙ: высокий объём + KD18 + паразит на #1, нет офиц .co"
1win,login/descargar/apk (1400-1700),1700,49-79,paras: 1win-colombia.org,"🟢🟢 объём высокий, паразит-held, но KD высокий + 9 паразитов (насыщено)"
Pin-Up,"pin up casino (200), aviator",200,26,paras: pin-ups.com.co,"🟡 паразит-held, но низкий объём + wikipedia на 'pin up'"
Roobet,roobet (900),900,0,Play Store #1 (нет офиц .co),"🟡 SERP чистый, #1=Store — обойти листинг реально; объём низкий, но CO=фокус-рынок Roobet"
Megapari,megapari (megapari.games/.com.co),-,-,"оператор+ревью, паразитов почти нет","🟡 SERP не насыщен, но #1 держит сам оператор/ревью; нужен объём из Ahrefs"
Rushbet,rushbet (высокий объём),209000,31,офиц rushbet.co #1,"🟡 огромный объём, но офиц #1 — целиться в топ-5 мимо #1 (SERP не насыщен)"
Betsson,betsson (высокий объём),117650,53,офиц betsson.co #1,"🟡 объём есть, офиц #1, места 2-5 свободны"
20bet/Betfury/Bizzo,бренд,1650,-,оператор держит #1,🔴 оператор сам на #1 — невыгодно
Melbet/1xbet/Betwinner/BBRBet,бренд,-,-,5-9 паразитов,🔴 перенасыщено — война с сеткой
