Domain,Price,Brand
apuestas1win.org,$8.48,1win
apuestasdeportivas1win.org,$8.48,1win
bono-1win.org,$8.48,1win
casinoenlinea1win.org,$8.48,1win
casinoenvivo-1win.org,$8.48,1win
casinoonline1win.org,$8.48,1win
descargar-1win.org,$8.48,1win
descargar1win.org,$8.48,1win
juegaen1win.org,$8.48,1win
jugar1win.org,$8.48,1win
jugaronline1win.org,$8.48,1win
promo1win.org,$8.48,1win
ruleta-1win.org,$8.48,1win
apuestas1win.com,$10.98,1win
apuestasdeportivas-1win.com,$10.98,1win
bono1win.com,$10.98,1win
casinoenlinea-1win.com,$10.98,1win
casinoenvivo1win.com,$10.98,1win
casinoonline-1win.com,$10.98,1win
descargar1win.com,$10.98,1win
juegaen-1win.com,$10.98,1win
jugar-1win.com,$10.98,1win
jugaronline-1win.com,$10.98,1win
ruleta1win.com,$10.98,1win
1win-apk.com.co,$19.48,1win
1win-appmovil.com.co,$19.48,1win
1win-apuestascolombia.com.co,$19.48,1win
1win-apuestasdeportivas.com.co,$19.48,1win
1win-aviatorjuego.com.co,$19.48,1win
1win-bonocasino.com.co,$19.48,1win
1win-bonodebienvenida.com.co,$19.48,1win
1win-casino-colombia.com.co,$19.48,1win
1win-casinoenlinea.com.co,$19.48,1win
1win-casinoenvivo.com.co,$19.48,1win
1win-casinoonline.com.co,$19.48,1win
1win-casinoruleta.com.co,$19.48,1win
1win-codigopromocional.com.co,$19.48,1win
1win-deportesapuestas.com.co,$19.48,1win
1win-descargarapp.com.co,$19.48,1win
1win-ganar.com.co,$19.48,1win
1win-gratis.com.co,$19.48,1win
1win-ingresarcasino.com.co,$19.48,1win
1win-iniciarsesion.com.co,$19.48,1win
1win-juegos.com.co,$19.48,1win
1win-jugar.com.co,$19.48,1win
1win-login.com.co,$19.48,1win
1win-mejorcasino.com.co,$19.48,1win
1win-registrarse.com.co,$19.48,1win
1win-tragamonedas.com.co,$19.48,1win
1winappmovil.com.co,$19.48,1win
1winapuestas.com.co,$19.48,1win
1winapuestascolombia.com.co,$19.48,1win
1winapuestasenlinea.com.co,$19.48,1win
1winbono.com.co,$19.48,1win
1winbonocasino.com.co,$19.48,1win
1wincasino2026.com.co,$19.48,1win
1wincasinoruleta.com.co,$19.48,1win
1wincol.com.co,$19.48,1win
1windescargar.com.co,$19.48,1win
1windescargarapk.com.co,$19.48,1win
1winlogincasino.com.co,$19.48,1win
1winpromocasino.com.co,$19.48,1win
1winretirorapido.com.co,$19.48,1win
1winsitiooficial.com.co,$19.48,1win
1winapkdescarga.co,$19.98,1win
1winappcolombia.co,$19.98,1win
1winapuestascolombia.co,$19.98,1win
1winaviatorjuego.co,$19.98,1win
1winbono.co,$19.98,1win
1winbonodebienvenida.co,$19.98,1win
1wincasinocolombia.co,$19.98,1win
1wincasinoenlinea.co,$19.98,1win
1wincasinoenvivo.co,$19.98,1win
1wincodigopromocional.co,$19.98,1win
1wincol.co,$19.98,1win
1windeportesapuestas.co,$19.98,1win
1windescargarapp.co,$19.98,1win
1winganar.co,$19.98,1win
1wingirosgratis.co,$19.98,1win
1wingratis.co,$19.98,1win
1winingresarcasino.co,$19.98,1win
1wininiciarsesion.co,$19.98,1win
1winjuegosdecasino.co,$19.98,1win
1winjugar.co,$19.98,1win
1winmejorcasino.co,$19.98,1win
1winpagos.co,$19.98,1win
1winregistrarse.co,$19.98,1win
1winruletaenvivo.co,$19.98,1win
1wintragamonedas.co,$19.98,1win
apuestasdeportivasmegapari.org,$8.48,megapari
apuestasmegapari.org,$8.48,megapari
bono-megapari.org,$8.48,megapari
casinoenlineamegapari.org,$8.48,megapari
casinoenvivo-megapari.org,$8.48,megapari
casinoonlinemegapari.org,$8.48,megapari
descargar-megapari.org,$8.48,megapari
descargarmegapari.org,$8.48,megapari
juegaenmegapari.org,$8.48,megapari
jugarmegapari.org,$8.48,megapari
jugaronlinemegapari.org,$8.48,megapari
promomegapari.org,$8.48,megapari
ruleta-megapari.org,$8.48,megapari
apuestas-megapari.com,$10.98,megapari
apuestasdeportivas-megapari.com,$10.98,megapari
apuestasmegapari.com,$10.98,megapari
bonomegapari.com,$10.98,megapari
casinoenlinea-megapari.com,$10.98,megapari
casinoenvivomegapari.com,$10.98,megapari
casinoonline-megapari.com,$10.98,megapari
descargarmegapari.com,$10.98,megapari
juegaen-megapari.com,$10.98,megapari
jugar-megapari.com,$10.98,megapari
jugaronline-megapari.com,$10.98,megapari
promo-megapari.com,$10.98,megapari
ruletamegapari.com,$10.98,megapari
megapari-apk.com.co,$19.48,megapari
megapari-appmovil.com.co,$19.48,megapari
megapari-apuestascolombia.com.co,$19.48,megapari
megapari-apuestasdeportivas.com.co,$19.48,megapari
megapari-aviatorjuego.com.co,$19.48,megapari
megapari-bonocasino.com.co,$19.48,megapari
megapari-bonodebienvenida.com.co,$19.48,megapari
megapari-casino-colombia.com.co,$19.48,megapari
megapari-casino.com.co,$19.48,megapari
megapari-casinocolombia.com.co,$19.48,megapari
megapari-casinoenlinea.com.co,$19.48,megapari
megapari-casinoenvivo.com.co,$19.48,megapari
megapari-casinoonline.com.co,$19.48,megapari
megapari-casinoruleta.com.co,$19.48,megapari
megapari-co.com.co,$19.48,megapari
megapari-codigopromocional.com.co,$19.48,megapari
megapari-deportesapuestas.com.co,$19.48,megapari
megapari-descargarapp.com.co,$19.48,megapari
megapari-ganar.com.co,$19.48,megapari
megapari-gratis.com.co,$19.48,megapari
megapari-ingresarcasino.com.co,$19.48,megapari
megapari-iniciarsesion.com.co,$19.48,megapari
megapari-juegos.com.co,$19.48,megapari
megapari-jugar.com.co,$19.48,megapari
megapari-login.com.co,$19.48,megapari
megapari-mejorcasino.com.co,$19.48,megapari
megapari-oficial.com.co,$19.48,megapari
megapari-registrarse.com.co,$19.48,megapari
megapari-slots.com.co,$19.48,megapari
megapari-tragamonedas.com.co,$19.48,megapari
megapariapp.com.co,$19.48,megapari
megapariappmovil.com.co,$19.48,megapari
megapariapuestas.com.co,$19.48,megapari
megapariapuestascolombia.com.co,$19.48,megapari
megapariapuestasenlinea.com.co,$19.48,megapari
megaparibet.com.co,$19.48,megapari
megaparibono.com.co,$19.48,megapari
megaparibonocasino.com.co,$19.48,megapari
megaparicasino.com.co,$19.48,megapari
megaparicasino2026.com.co,$19.48,megapari
megaparicasinoruleta.com.co,$19.48,megapari
megaparicol.com.co,$19.48,megapari
megaparicolombia.com.co,$19.48,megapari
megaparidescargar.com.co,$19.48,megapari
megaparidescargarapk.com.co,$19.48,megapari
megaparilogincasino.com.co,$19.48,megapari
megaparionline.com.co,$19.48,megapari
megaparipromocasino.com.co,$19.48,megapari
megapariretirorapido.com.co,$19.48,megapari
megaparisitiooficial.com.co,$19.48,megapari
megapari-apk.co,$19.98,megapari
megapari-co.co,$19.98,megapari
megapari-login.co,$19.98,megapari
megapari-oficial.co,$19.98,megapari
megapariapkdescarga.co,$19.98,megapari
megapariappcolombia.co,$19.98,megapari
megapariapuestas.co,$19.98,megapari
megapariapuestascolombia.co,$19.98,megapari
megapariapuestasdeportivas.co,$19.98,megapari
megapariaviatorjuego.co,$19.98,megapari
megaparibet.co,$19.98,megapari
megaparibono.co,$19.98,megapari
megaparibonodebienvenida.co,$19.98,megapari
megaparicasino-colombia.co,$19.98,megapari
megaparicasinocolombia.co,$19.98,megapari
megaparicasinoenlinea.co,$19.98,megapari
megaparicasinoenvivo.co,$19.98,megapari
megaparicasinoonline.co,$19.98,megapari
megaparicodigopromocional.co,$19.98,megapari
megaparicol.co,$19.98,megapari
megaparideportesapuestas.co,$19.98,megapari
megaparidescargar.co,$19.98,megapari
megaparidescargarapp.co,$19.98,megapari
megapariganar.co,$19.98,megapari
megaparigirosgratis.co,$19.98,megapari
megaparigratis.co,$19.98,megapari
megapariingresarcasino.co,$19.98,megapari
megapariiniciarsesion.co,$19.98,megapari
megaparijuegos.co,$19.98,megapari
megaparijuegosdecasino.co,$19.98,megapari
megaparijugar.co,$19.98,megapari
megaparimejorcasino.co,$19.98,megapari
megaparionline.co,$19.98,megapari
megaparipagos.co,$19.98,megapari
megapariregistrarse.co,$19.98,megapari
megapariruletaenvivo.co,$19.98,megapari
megaparislots.co,$19.98,megapari
megaparitragamonedas.co,$19.98,megapari
apuestasdeportivasmostbet.org,$8.48,mostbet
apuestasmostbet.org,$8.48,mostbet
bono-mostbet.org,$8.48,mostbet
casinoenlineamostbet.org,$8.48,mostbet
casinoenvivo-mostbet.org,$8.48,mostbet
casinoonlinemostbet.org,$8.48,mostbet
descargar-mostbet.org,$8.48,mostbet
descargarmostbet.org,$8.48,mostbet
juegaenmostbet.org,$8.48,mostbet
jugarmostbet.org,$8.48,mostbet
jugaronlinemostbet.org,$8.48,mostbet
promomostbet.org,$8.48,mostbet
ruleta-mostbet.org,$8.48,mostbet
apuestas-mostbet.com,$10.98,mostbet
apuestasdeportivas-mostbet.com,$10.98,mostbet
apuestasmostbet.com,$10.98,mostbet
bonomostbet.com,$10.98,mostbet
casinoenlinea-mostbet.com,$10.98,mostbet
casinoenvivomostbet.com,$10.98,mostbet
casinoonline-mostbet.com,$10.98,mostbet
juegaen-mostbet.com,$10.98,mostbet
jugar-mostbet.com,$10.98,mostbet
jugaronline-mostbet.com,$10.98,mostbet
ruletamostbet.com,$10.98,mostbet
mostbet-apk.com.co,$19.48,mostbet
mostbet-appmovil.com.co,$19.48,mostbet
mostbet-apuestascolombia.com.co,$19.48,mostbet
mostbet-apuestasdeportivas.com.co,$19.48,mostbet
mostbet-aviatorjuego.com.co,$19.48,mostbet
mostbet-bonocasino.com.co,$19.48,mostbet
mostbet-bonodebienvenida.com.co,$19.48,mostbet
mostbet-casino-colombia.com.co,$19.48,mostbet
mostbet-casino.com.co,$19.48,mostbet
mostbet-casinocolombia.com.co,$19.48,mostbet
mostbet-casinoenlinea.com.co,$19.48,mostbet
mostbet-casinoenvivo.com.co,$19.48,mostbet
mostbet-casinoonline.com.co,$19.48,mostbet
mostbet-casinoruleta.com.co,$19.48,mostbet
mostbet-codigopromocional.com.co,$19.48,mostbet
mostbet-deportesapuestas.com.co,$19.48,mostbet
mostbet-descargarapp.com.co,$19.48,mostbet
mostbet-ganar.com.co,$19.48,mostbet
mostbet-gratis.com.co,$19.48,mostbet
mostbet-ingresarcasino.com.co,$19.48,mostbet
mostbet-iniciarsesion.com.co,$19.48,mostbet
mostbet-juegos.com.co,$19.48,mostbet
mostbet-jugar.com.co,$19.48,mostbet
mostbet-login.com.co,$19.48,mostbet
mostbet-mejorcasino.com.co,$19.48,mostbet
mostbet-oficial.com.co,$19.48,mostbet
mostbet-registrarse.com.co,$19.48,mostbet
mostbet-slots.com.co,$19.48,mostbet
mostbet-tragamonedas.com.co,$19.48,mostbet
mostbetapp.com.co,$19.48,mostbet
mostbetappmovil.com.co,$19.48,mostbet
mostbetapuestas.com.co,$19.48,mostbet
mostbetapuestascolombia.com.co,$19.48,mostbet
mostbetapuestasenlinea.com.co,$19.48,mostbet
mostbetbet.com.co,$19.48,mostbet
mostbetbono.com.co,$19.48,mostbet
mostbetbonocasino.com.co,$19.48,mostbet
mostbetcasino2026.com.co,$19.48,mostbet
mostbetcasinoruleta.com.co,$19.48,mostbet
mostbetcol.com.co,$19.48,mostbet
mostbetcolombia.com.co,$19.48,mostbet
mostbetdescargar.com.co,$19.48,mostbet
mostbetdescargarapk.com.co,$19.48,mostbet
mostbetlogincasino.com.co,$19.48,mostbet
mostbetonline.com.co,$19.48,mostbet
mostbetpromocasino.com.co,$19.48,mostbet
mostbetretirorapido.com.co,$19.48,mostbet
mostbetsitiooficial.com.co,$19.48,mostbet
mostbet-oficial.co,$19.98,mostbet
mostbetapkdescarga.co,$19.98,mostbet
mostbetappcolombia.co,$19.98,mostbet
mostbetapuestas.co,$19.98,mostbet
mostbetapuestascolombia.co,$19.98,mostbet
mostbetapuestasdeportivas.co,$19.98,mostbet
mostbetaviatorjuego.co,$19.98,mostbet
mostbetbet.co,$19.98,mostbet
mostbetbono.co,$19.98,mostbet
mostbetbonodebienvenida.co,$19.98,mostbet
mostbetcasino-colombia.co,$19.98,mostbet
mostbetcasinocolombia.co,$19.98,mostbet
mostbetcasinoenlinea.co,$19.98,mostbet
mostbetcasinoenvivo.co,$19.98,mostbet
mostbetcasinoonline.co,$19.98,mostbet
mostbetcodigopromocional.co,$19.98,mostbet
mostbetcol.co,$19.98,mostbet
mostbetcolombia.co,$19.98,mostbet
mostbetdeportesapuestas.co,$19.98,mostbet
mostbetdescargar.co,$19.98,mostbet
mostbetdescargarapp.co,$19.98,mostbet
mostbetganar.co,$19.98,mostbet
mostbetgirosgratis.co,$19.98,mostbet
mostbetgratis.co,$19.98,mostbet
mostbetingresarcasino.co,$19.98,mostbet
mostbetiniciarsesion.co,$19.98,mostbet
mostbetjuegos.co,$19.98,mostbet
mostbetjuegosdecasino.co,$19.98,mostbet
mostbetjugar.co,$19.98,mostbet
mostbetmejorcasino.co,$19.98,mostbet
mostbetpagos.co,$19.98,mostbet
mostbetregistrarse.co,$19.98,mostbet
mostbetruletaenvivo.co,$19.98,mostbet
mostbetslots.co,$19.98,mostbet
mostbettragamonedas.co,$19.98,mostbet
apuestasdeportivaspinup.org,$8.48,pinup
apuestaspinup.org,$8.48,pinup
bono-pinup.org,$8.48,pinup
casinoenlineapinup.org,$8.48,pinup
casinoenvivo-pinup.org,$8.48,pinup
casinoonlinepinup.org,$8.48,pinup
descargar-pinup.org,$8.48,pinup
descargarpinup.org,$8.48,pinup
juegaenpinup.org,$8.48,pinup
jugaronlinepinup.org,$8.48,pinup
jugarpinup.org,$8.48,pinup
promopinup.org,$8.48,pinup
ruleta-pinup.org,$8.48,pinup
apuestas-pinup.com,$10.98,pinup
apuestasdeportivas-pinup.com,$10.98,pinup
apuestaspinup.com,$10.98,pinup
bonopinup.com,$10.98,pinup
casinoenvivopinup.com,$10.98,pinup
casinoonline-pinup.com,$10.98,pinup
descargarpinup.com,$10.98,pinup
juegaen-pinup.com,$10.98,pinup
jugar-pinup.com,$10.98,pinup
jugaronline-pinup.com,$10.98,pinup
ruletapinup.com,$10.98,pinup
pinup-apk.com.co,$19.48,pinup
pinup-appmovil.com.co,$19.48,pinup
pinup-apuestascolombia.com.co,$19.48,pinup
pinup-apuestasdeportivas.com.co,$19.48,pinup
pinup-aviatorjuego.com.co,$19.48,pinup
pinup-bonocasino.com.co,$19.48,pinup
pinup-bonodebienvenida.com.co,$19.48,pinup
pinup-casino-colombia.com.co,$19.48,pinup
pinup-casinocolombia.com.co,$19.48,pinup
pinup-casinoenlinea.com.co,$19.48,pinup
pinup-casinoenvivo.com.co,$19.48,pinup
pinup-casinoonline.com.co,$19.48,pinup
pinup-casinoruleta.com.co,$19.48,pinup
pinup-co.com.co,$19.48,pinup
pinup-codigopromocional.com.co,$19.48,pinup
pinup-deportesapuestas.com.co,$19.48,pinup
pinup-descargarapp.com.co,$19.48,pinup
pinup-ganar.com.co,$19.48,pinup
pinup-gratis.com.co,$19.48,pinup
pinup-ingresarcasino.com.co,$19.48,pinup
pinup-iniciarsesion.com.co,$19.48,pinup
pinup-juegos.com.co,$19.48,pinup
pinup-jugar.com.co,$19.48,pinup
pinup-login.com.co,$19.48,pinup
pinup-mejorcasino.com.co,$19.48,pinup
pinup-oficial.com.co,$19.48,pinup
pinup-registrarse.com.co,$19.48,pinup
pinup-slots.com.co,$19.48,pinup
pinup-tragamonedas.com.co,$19.48,pinup
pinupapp.com.co,$19.48,pinup
pinupappmovil.com.co,$19.48,pinup
pinupapuestas.com.co,$19.48,pinup
pinupapuestascolombia.com.co,$19.48,pinup
pinupapuestasenlinea.com.co,$19.48,pinup
pinupbet.com.co,$19.48,pinup
pinupbono.com.co,$19.48,pinup
pinupbonocasino.com.co,$19.48,pinup
pinupcasino2026.com.co,$19.48,pinup
pinupcasinoruleta.com.co,$19.48,pinup
pinupcol.com.co,$19.48,pinup
pinupcolombia.com.co,$19.48,pinup
pinupdescargar.com.co,$19.48,pinup
pinupdescargarapk.com.co,$19.48,pinup
pinuplogincasino.com.co,$19.48,pinup
pinuponline.com.co,$19.48,pinup
pinuppromocasino.com.co,$19.48,pinup
pinupretirorapido.com.co,$19.48,pinup
pinupsitiooficial.com.co,$19.48,pinup
pinup-apk.co,$19.98,pinup
pinup-co.co,$19.98,pinup
pinup-login.co,$19.98,pinup
pinup-oficial.co,$19.98,pinup
pinupapkdescarga.co,$19.98,pinup
pinupapp.co,$19.98,pinup
pinupappcolombia.co,$19.98,pinup
pinupapuestas.co,$19.98,pinup
pinupapuestascolombia.co,$19.98,pinup
pinupapuestasdeportivas.co,$19.98,pinup
pinupaviatorjuego.co,$19.98,pinup
pinupbono.co,$19.98,pinup
pinupbonodebienvenida.co,$19.98,pinup
pinupcasino-colombia.co,$19.98,pinup
pinupcasinoenlinea.co,$19.98,pinup
pinupcasinoenvivo.co,$19.98,pinup
pinupcasinoonline.co,$19.98,pinup
pinupcodigopromocional.co,$19.98,pinup
pinupcol.co,$19.98,pinup
pinupcolombia.co,$19.98,pinup
pinupdeportesapuestas.co,$19.98,pinup
pinupdescargar.co,$19.98,pinup
pinupdescargarapp.co,$19.98,pinup
pinupganar.co,$19.98,pinup
pinupgirosgratis.co,$19.98,pinup
pinupgratis.co,$19.98,pinup
pinupingresarcasino.co,$19.98,pinup
pinupiniciarsesion.co,$19.98,pinup
pinupjuegos.co,$19.98,pinup
pinupjuegosdecasino.co,$19.98,pinup
pinupjugar.co,$19.98,pinup
pinupmejorcasino.co,$19.98,pinup
pinuponline.co,$19.98,pinup
pinuppagos.co,$19.98,pinup
pinupregistrarse.co,$19.98,pinup
pinupruletaenvivo.co,$19.98,pinup
pinupslots.co,$19.98,pinup
pinuptragamonedas.co,$19.98,pinup
apuestasdeportivasroobet.org,$8.48,roobet
apuestasroobet.org,$8.48,roobet
bono-roobet.org,$8.48,roobet
casinoenlinearoobet.org,$8.48,roobet
casinoenvivo-roobet.org,$8.48,roobet
casinoonlineroobet.org,$8.48,roobet
descargar-roobet.org,$8.48,roobet
descargarroobet.org,$8.48,roobet
juegaenroobet.org,$8.48,roobet
jugaronlineroobet.org,$8.48,roobet
jugarroobet.org,$8.48,roobet
promoroobet.org,$8.48,roobet
ruleta-roobet.org,$8.48,roobet
apuestas-roobet.com,$10.98,roobet
apuestasdeportivas-roobet.com,$10.98,roobet
apuestasroobet.com,$10.98,roobet
casinoenlinea-roobet.com,$10.98,roobet
casinoenvivoroobet.com,$10.98,roobet
casinoonline-roobet.com,$10.98,roobet
descargarroobet.com,$10.98,roobet
juegaen-roobet.com,$10.98,roobet
jugar-roobet.com,$10.98,roobet
jugaronline-roobet.com,$10.98,roobet
ruletaroobet.com,$10.98,roobet
roobet-apk.com.co,$19.48,roobet
roobet-appmovil.com.co,$19.48,roobet
roobet-apuestascolombia.com.co,$19.48,roobet
roobet-apuestasdeportivas.com.co,$19.48,roobet
roobet-aviatorjuego.com.co,$19.48,roobet
roobet-bonocasino.com.co,$19.48,roobet
roobet-bonodebienvenida.com.co,$19.48,roobet
roobet-casino-colombia.com.co,$19.48,roobet
roobet-casino.com.co,$19.48,roobet
roobet-casinocolombia.com.co,$19.48,roobet
roobet-casinoenlinea.com.co,$19.48,roobet
roobet-casinoenvivo.com.co,$19.48,roobet
roobet-casinoonline.com.co,$19.48,roobet
roobet-casinoruleta.com.co,$19.48,roobet
roobet-co.com.co,$19.48,roobet
roobet-codigopromocional.com.co,$19.48,roobet
roobet-deportesapuestas.com.co,$19.48,roobet
roobet-descargarapp.com.co,$19.48,roobet
roobet-ganar.com.co,$19.48,roobet
roobet-gratis.com.co,$19.48,roobet
roobet-ingresarcasino.com.co,$19.48,roobet
roobet-iniciarsesion.com.co,$19.48,roobet
roobet-juegos.com.co,$19.48,roobet
roobet-jugar.com.co,$19.48,roobet
roobet-login.com.co,$19.48,roobet
roobet-mejorcasino.com.co,$19.48,roobet
roobet-oficial.com.co,$19.48,roobet
roobet-registrarse.com.co,$19.48,roobet
roobet-slots.com.co,$19.48,roobet
roobet-tragamonedas.com.co,$19.48,roobet
roobetapp.com.co,$19.48,roobet
roobetappmovil.com.co,$19.48,roobet
roobetapuestas.com.co,$19.48,roobet
roobetapuestascolombia.com.co,$19.48,roobet
roobetapuestasenlinea.com.co,$19.48,roobet
roobetbet.com.co,$19.48,roobet
roobetbono.com.co,$19.48,roobet
roobetbonocasino.com.co,$19.48,roobet
roobetcasino.com.co,$19.48,roobet
roobetcasino2026.com.co,$19.48,roobet
roobetcasinoruleta.com.co,$19.48,roobet
roobetcol.com.co,$19.48,roobet
roobetcolombia.com.co,$19.48,roobet
roobetdescargar.com.co,$19.48,roobet
roobetdescargarapk.com.co,$19.48,roobet
roobetlogincasino.com.co,$19.48,roobet
roobetonline.com.co,$19.48,roobet
roobetpromocasino.com.co,$19.48,roobet
roobetretirorapido.com.co,$19.48,roobet
roobetsitiooficial.com.co,$19.48,roobet
roobet-apk.co,$19.98,roobet
roobet-casino.co,$19.98,roobet
roobet-co.co,$19.98,roobet
roobet-login.co,$19.98,roobet
roobet-oficial.co,$19.98,roobet
roobetapkdescarga.co,$19.98,roobet
roobetapp.co,$19.98,roobet
roobetappcolombia.co,$19.98,roobet
roobetapuestas.co,$19.98,roobet
roobetapuestascolombia.co,$19.98,roobet
roobetapuestasdeportivas.co,$19.98,roobet
roobetaviatorjuego.co,$19.98,roobet
roobetbet.co,$19.98,roobet
roobetbono.co,$19.98,roobet
roobetbonodebienvenida.co,$19.98,roobet
roobetcasino-colombia.co,$19.98,roobet
roobetcasinocolombia.co,$19.98,roobet
roobetcasinoenlinea.co,$19.98,roobet
roobetcasinoenvivo.co,$19.98,roobet
roobetcasinoonline.co,$19.98,roobet
roobetcodigopromocional.co,$19.98,roobet
roobetcol.co,$19.98,roobet
roobetcolombia.co,$19.98,roobet
roobetdeportesapuestas.co,$19.98,roobet
roobetdescargar.co,$19.98,roobet
roobetdescargarapp.co,$19.98,roobet
roobetganar.co,$19.98,roobet
roobetgirosgratis.co,$19.98,roobet
roobetgratis.co,$19.98,roobet
roobetingresarcasino.co,$19.98,roobet
roobetiniciarsesion.co,$19.98,roobet
roobetjuegos.co,$19.98,roobet
roobetjuegosdecasino.co,$19.98,roobet
roobetjugar.co,$19.98,roobet
roobetmejorcasino.co,$19.98,roobet
roobetonline.co,$19.98,roobet
roobetpagos.co,$19.98,roobet
roobetregistrarse.co,$19.98,roobet
roobetruletaenvivo.co,$19.98,roobet
roobetslots.co,$19.98,roobet
roobettragamonedas.co,$19.98,roobet
