Brand name,keyword,search volume,KD
EJ Cassino,ejcassino,12000,7
777 Casino,777 casino,8900,3
EJ Cassino,ej cassino,8200,15
Betano,betano logo,3400,1
Score Cassino,score cassino,3100,11
Jogoman,jogoman,2100,11
Score Cassino,cassino score wonderland,2100,11
777 Casino,777 cassino,1800,1
CassinoBet,um cassino bet,700,5
Orozino,orozino bet,700,0
Portal Noca,portal noca,700,0
777 Casino,777 casino bet,600,0
Betano,logo betano,600,1
Betano,bolao betano flamengo,600,0
Score Cassino,score cassino wonderland,600,0
Betano,betano login futebol,450,0
CassinoBet,cassino.bet ratinho,450,0
Score Cassino,cassino score monopoly,400,0
CassinoBet,cassino bet br é confiável,350,0
Score Cassino,cassino scores adventure,350,0
Betsson,betsson apostas,300,14
CassinoBet,cassino.bet.,300,0
OCS Bet,ocs bet-net,300,0
Score Cassino,cassino score monopoly big baller,300,0
Betsson,betsson baixar,250,0
EJ Cassino,ej cassino.com,250,12
NetBet,netbet brasil,250,3
777 Casino,vip 777 casino,200,0
777 Casino,777 casino app,200,3
777 Casino,777 casino vip,200,0
777 Casino,777cassino,200,0
Betsson,betsson cadastro,200,9
Betsson,app betsson brasil,200,1
Betsson,betsson apk,200,5
CassinoBet,cassino bet .br,200,0
CassinoBet,cassino bet com br,200,0
CassinoBet,cassino bet br é confiavel,200,0
CassinoBet,cassino bet br games pragmaticplay tigre sortudo,200,0
CassinoBet,8 cassino.bet,200,0
Orozino,orozino casino,200,0
Bet365,cassino bet365 bet br,150,0
Betsson,aplicativo betsson,150,0
Betsson,baixar betsson,150,0
CassinoBet,cassino.bet é confiável,150,0
CassinoBet,cassino.bet br,150,0
NetBet,netbet é confiavel,150,8
Orozino,orozino é confiável,150,0
Score Cassino,cassino score crazy,150,0
Betsson,betsson br,100,0
Betsson,betsson brasil apk,100,0
Betsson,betsson cavalos,100,0
Betsson,app betsson,100,12
Betsson,betsson aposta,100,13
CassinoBet,cassinobet.,100,0
CassinoBet,cassino.bet .br,100,0
NetBet,netbet é confiável,100,8
Orozino,orozino cassino,100,0
Score Cassino,cassino scores big baller,100,0
777 Casino,casino 777 online,90,5
777 Casino,casino 777 grátis,90,5
777 Casino,jogo cassino 777,90,0
Betano,betano api,90,0
Betsson,betsson fantasy,90,0
Betsson,betsson fc,90,4
Score Cassino,cassino scores wonderland,90,0
777 Casino,brasil 777 casino login,80,0
777 Casino,casino 777 bônus,80,0
Betino,betino casino,80,0
CassinoBet,cassino bet br e legalizado,80,0
Score Cassino,cassino score adventures,80,0
CassinoBet,www cassino bet br,70,0
EJ Cassino,ejcassino com,70,0
Betsson,betsson baixar em português,60,0
CassinoBet,https cassino bet br,60,0
EJ Cassino,ejcassino.com,60,0
NetBet,baixar netbet,60,0
777 Casino,slot casino 777,50,7
777 Casino,bet 777 casino login,50,0
777 Casino,jogo de casino 777,50,1
CassinoBet,wj cassino bet br,50,0
EJ Cassino,ejcassino app,50,0
777 Casino,jogos casino 777,40,3
777 Casino,vip 777 casino login,40,0
777 Casino,777 casino gratis,40,0
Betano,betano se cadastrar,40,12
Betsson,betsson afiliados,40,8
Betsson,liga 1 betsson,40,0
CassinoBet,8 cassinobet,40,0
Score Cassino,crazy time cassino score,40,0
777 Casino,777 casino mobile,30,3
777 Casino,777 casino app login,30,0
777 Casino,online casino 777,30,0
777 Casino,casino 777 slot,30,3
Betano,betano csgo,30,11
Betano,betano.com.vr,30,0
Betano,betano romania,30,4
Brazino777,brazino casino 777,30,0
CassinoBet,cassino bet br do ratinho,30,0
NN55,nn55 .com,30,3
Orozino,mart minas orozino teixeira,30,0
Orozino,orozino login,30,0
Stake,stake casino 777,30,0
777 Casino,casino 777 casino,20,0
777 Casino,casino 777 login,20,0
777 Casino,brasil 777 casino,20,0
CassinoBet,"cassino.bet,br",20,0
CassinoBet,cassinobet br,20,0
CassinoBet,cassino bet br games pragmatic play tigre sortudo,20,0
EJ Cassino,ejcassino.,20,0
NetBet,netbet aplicatie,20,4
NN55,nn55 plataforma de jogos,20,12
Score Cassino,cassino score.,20,0
Score Cassino,cassino score ice fishing,20,0
777 Casino,online 777 casino,10,0
777 Casino,bonus 777 casino,10,0
777 Casino,jogo 777 casino,10,0
777 Casino,casino 777 gratis,10,0
777 Casino,bet casino 777,10,0
777 Casino,bonus casino 777,10,0
777 Casino,jogo casino 777,10,5
777 Casino,777 casino casino,10,0
Betano,betano bet br cassino live,10,0
Betano,betano payment,10,10
Betano,betano login facebook,10,2
Betino,betino app,10,0
Betino,betino apk,10,0
Betino,betino bets,10,0
Betsson,saque betsson,10,2
Blaze,blaze casino 777,10,0
Brazino777,casino brazino 777,10,0
CassinoBet,cassino bet br ratinho,10,0
CassinoBet,cassinobet login,10,0
CassinoBet,cassino bet com br do ratinho,10,0
CassinoBet,cassino.bet reclame aqui,10,0
CassinoBet,cassino bet br oficial,10,0
CassinoBet,cupom cassino.bet,10,0
CassinoBet,cassino.bet. br,10,0
CassinoBet,cassino.bet logo,10,0
CassinoBet,wj cassino.bet,10,0
CassinoBet,cassino bet br reclame aqui,10,0
CassinoBet,cassino bet app br,10,0
EJ Cassino,ejcassino bet.com,10,0
EstrelaBet,estrelabet bet br cassino online,10,0
Galera.bet,https www galera bet br cassino,10,0
NetBet,netbet chat,10,13
Novibet,novibet bet br cassino,10,0
Orozino,orozino paga mesmo,10,0
Orozino,orozino app,10,0
Orozino,orozino teixeira,10,0
Orozino,imagens de mart minas orozino teixeira,10,0
Orozino,orozino bet é confiável,10,0
Score Cassino,cassino score funk time,10,0
Score Cassino,super colors cassino score,10,0
