Brand,keyword,volume,KD
CassinoBet,cassinobet,35000,25
CassinoBet,cassino bet br,25000,22
CassinoBet,cassino.bet,4100,32
CassinoBet,cassino bets,1700,19
CassinoBet,um cassino bet,700,5
CassinoBet,jogos cassino bet,600,26
CassinoBet,jogo cassino bet,450,19
EJ Cassino,ejcassino,12000,7
777 Casino,777 casino,8900,3
Score Cassino,score cassino,3100,11
Score Cassino,cassino scores,2800,36
Score Cassino,cassino escore,800,30
Betino,betino,3500,16
Orozino,orozino,3900,36
OCS Bet,ocs bet net,6600,37
Jogoman,jogoman,2100,11
NN55,nn55.com plataforma,1100,17
NN55,nn55 plataforma,600,17
NN55,nn55 .com,30,3
NN55,nn55 plataforma de jogos,20,12
13Bet,13 bet casino,800,30
Plataforma Ouro,plataforma ouro,800,29
Portal Noca,portal noca,700,0
FG Cassino,fg jogo cassino,600,4
NetBet,netbet brasil,250,3
NetBet,netbet casino bonus,200,25
NetBet,netbet br,200,23
NetBet,netbet apostas,200,30
NetBet,br.netbet,90,34
NetBet,aplicativo netbet,60,30
NetBet,netbet paga,50,20
NetBet,netbet saque,10,22
NetBet,netbet brazil,0,2
NetBet,netbet paga?,0,22
NetBet,netbet saque pix,0,35
NetBet,apostas netbet,0,33
NetBet,netbet deposito,0,24
Slot Agora,slot agora,2200,17
Jogo da Abelha,jogo da abelha cassino,900,8
Betsson,betsson brasil,1300,21
Betsson,betsson baixar,250,0
Betsson,aplicativo betsson,150,0
Betsson,baixar betsson,150,0
Betsson,betsson br,100,0
Betsson,betsson brasil apk,100,0
Betsson,betsson baixar em português,60,0
Cassino Pix,plataforma cassino pix,700,39
